cluster_kmeans,cubic,hexagonal,monoclinic,orthorhombic,tetragonal,triclinic,trigonal
0,0.10668604651162791,0.06831395348837209,0.4238372093023256,0.21220930232558138,0.013953488372093023,0.12645348837209303,0.04854651162790698
1,0.0,0.0,0.5472035794183445,0.18277404921700224,0.0011185682326621924,0.26868008948545863,0.00022371364653243848
2,0.0,0.00490414623272403,0.3878733838609006,0.06018724921979492,0.0,0.43022737405260814,0.11680784663397235
