cluster_kmeans,count,mean,std,min,median,max
0,3440,243.72467039287943,139.74718277641605,0.0,246.91200000000885,491.2009999999895
2,2243,256.009682339522,157.26419524695976,70.1449999999965,155.1062499999886,491.2829999999815
1,4470,380.0607683746597,71.86560400911553,112.798749999996,387.83916666668006,491.3831249999987
