Model,Train R²,Test R²,Train MAE,Test MAE,Train RMSE,Test RMSE,Time (s)
Random Forest,0.999999970431521,0.9999997952081999,0.0005358739628833221,0.001413223716806398,0.000991154209528341,0.002569479055278941,9.452111721038818
Gradient Boosting,0.9999991353239167,0.9999990448451459,0.004081243342448299,0.004187299373161332,0.005359860181347405,0.005549140152606296,4.1028876304626465
Ridge Regression,0.9039169098685885,0.898774286580039,1.4933319467577704,1.510104271306922,1.7866941621015067,1.8064844324739058,0.01359415054321289
Lasso Regression,0.8360493577488839,0.8297481667453801,2.1481359228870334,2.1677525782146767,2.3339056670604377,2.342797213108185,0.0041043758392333984
