method,feature_set,k,n_samples,n_features,inertia,silhouette,davies_bouldin,calinski_harabasz
KMeans,geometry_only,3,10153,21,139794.52353629394,0.24301201309425816,1.6064066617246457,2665.3316498236436
KMeans,geometry_energy,3,10153,22,147590.0513635858,0.23874975727025116,1.6096638311606875,2605.615593848064
