model,MAE,RMSE,R2
RandomForest,0.011274556371853631,0.02182171459691425,0.9744090903257375
