model,MAE,RMSE,R2
ExtraTrees,0.009710587697615927,0.019622518567960254,0.9793072848914346
