{
  "optimal_n_components": 10,
  "n_samples": 10153,
  "n_features": 21,
  "metrics": {
    "silhouette_score": 0.09714001043656142,
    "davies_bouldin_index": 1.9730433261407767,
    "calinski_harabasz_score": 1103.3068483208085,
    "aic": -656300.4555119884,
    "bic": -638027.1040330236
  },
  "cluster_distribution": {
    "0": 955,
    "1": 194,
    "2": 847,
    "3": 3226,
    "4": 823,
    "5": 24,
    "6": 1096,
    "7": 35,
    "8": 1383,
    "9": 1570
  },
  "uncertainty": {
    "total_uncertain": 49,
    "uncertain_percentage": 0.48261597557372204
  },
  "pca_variance_explained": {
    "pc1": 0.23990287297439783,
    "pc2": 0.16093349699964127,
    "pc3": 0.1025559746173383,
    "total": 0.5033923445913774
  }
}