Model,Train R²,Test R²,Train MAE,Test MAE,Train RMSE,Test RMSE
Random Forest,0.9999999704598074,0.9999997947887149,0.0005359286986989712,0.0014144137062740765,0.0009906800068040014,0.0025721093029942494
Gradient Boosting,0.9999991353239167,0.9999990448451459,0.004081243342448299,0.004187299373161332,0.005359860181347405,0.005549140152606296
Ridge,0.9039169098685885,0.898774286580039,1.4933319467577704,1.510104271306922,1.7866941621015067,1.8064844324739058
Lasso,0.8844895980773507,0.882193096630531,1.753509679684194,1.7537870237109332,1.9590128507498745,1.9488309601078901
