cluster_hierarchical,density,volume_per_atom,mean_coordination,relative_energy
0,3.1301767681087442,6.416425675013998,3.595089020573495,0.3785357214531724
1,2.764896589234082,7.218299684840971,2.999063753901025,0.256009682339522
2,3.4809406277667283,5.737271811797999,4.000012367665974,0.24290703166143615
