model,MAE,RMSE,R2
PyTorch_MLP,0.023387435030663224,0.03181627761385803,0.9455990209142817
