model,MAE,RMSE,R2
XGBoost,0.01466125356189007,0.02395067639248092,0.9691721280170447
